"display name","Degree","BetweennessCentrality","ClusteringCoefficient"
"COL1A1",96,0.0199381449808843,0.239254385964912
"UBB",94,0.0754177533101181,0.0480439258750858
"ESR1",94,0.0554994546786281,0.10798444291924
"MAPK3",91,0.0613787572140451,0.103296703296703
"COL1A2",84,0.00742441540722924,0.279977051061388
"SOX2",82,0.0451855194880256,0.122854561878952
"PXDN",79,0.0321365926950686,0.182408308990587
"CCND1",77,0.0248034620274011,0.171223513328776
"COL3A1",76,0.00427243874347293,0.327368421052632
"BGN",75,0.00664192029795563,0.277117117117117
"KIT",74,0.0212101420145494,0.139577934098482
"LUM",72,0.0100249497551969,0.268388106416275
"COL5A2",67,0.00509641506509229,0.336499321573948
"PDGFRB",66,0.0138065940369375,0.221445221445221
"POSTN",66,0.00428457073376273,0.332400932400932
"COL5A1",63,0.00397068530216828,0.372247823860727
"CXCL12",62,0.011810998929893,0.255949233209942
"LOX",61,0.00817081534573172,0.29344262295082
"FYN",59,0.0242035190416162,0.0742255990648743
"CCN2",59,0.00763828314565022,0.338398597311514
"CD74",58,0.0268445808466322,0.129461584996975
"DLG4",57,0.0227395126563989,0.102130325814536
"RUNX2",55,0.0132707021176244,0.230976430976431
"ELN",52,0.00763823155630145,0.351432880844646
"BMP4",52,0.0117538963841453,0.209653092006033
"TIMP3",52,0.00525827794572654,0.319758672699849
"THBS2",51,0.00347850066573752,0.395294117647059
"COL12A1",50,0.00279316363144769,0.426938775510204
"ANK3",50,0.023183848608786,0.0751020408163265
"TGFB3",49,0.0071773410835412,0.292517006802721
"GNG2",48,0.017929659012834,0.109929078014184
"UBE2I",47,0.0199998244607305,0.0777058279370953
"COL18A1",47,0.00330641760802568,0.40795559666975
"FCGR3A",47,0.00999005681651368,0.177613320999075
"SPARC",47,0.00470951540389592,0.39222941720629
"HCLS1",46,0.0223916305861742,0.0888888888888889
"CUL7",45,0.0152984521967883,0.142424242424242
"HGF",45,0.00777612619053651,0.258585858585859
"VIM",45,0.0100534060801662,0.212121212121212
"FOXO3",45,0.0115481111298008,0.183838383838384
"NGF",45,0.0129012420146364,0.183838383838384
"COL14A1",44,0.000887695338759297,0.485200845665962
"ALDH18A1",44,0.0192693186174177,0.135306553911205
"ACO2",44,0.0135614737084931,0.197674418604651
"SNAI2",44,0.00352648983998944,0.345665961945032
"CDK4",43,0.0104380395223493,0.167220376522702
"NR3C1",42,0.0152648882417162,0.125435540069686
"FMOD",42,0.0019651263770637,0.40650406504065
"VCAN",42,0.00703493475188252,0.272938443670151
"RUNX1",42,0.00839979890291786,0.207897793263647
"CDKN1A",42,0.0101634027199658,0.231126596980256
"VCL",41,0.013886639451047,0.113414634146341
"GRIA1",41,0.0116279626921527,0.139024390243902
"EZR",41,0.0177407555256565,0.104878048780488
"FURIN",40,0.0110256220847087,0.0871794871794872
"TIMP2",40,0.00176119557087351,0.394871794871795
"NTRK1",40,0.0100098341023162,0.142307692307692
"FAU",40,0.0198447787593655,0.103846153846154
"NT5E",39,0.0138651386081116,0.198380566801619
"COL8A1",39,0.000689043846642615,0.537112010796221
"GPX3",39,0.00938226840269631,0.194331983805668
"IGF2",38,0.0106279818082538,0.227596017069701
"COL15A1",38,0.00111321051769902,0.512091038406828
"PPP2R1A",38,0.0196264915387274,0.0725462304409673
"TUFM",38,0.0102385318224053,0.173541963015647
"LTBP2",37,0.00151169351637431,0.444444444444444
"ITPR1",37,0.0113761915128692,0.100600600600601
"COL11A2",37,0.00522066908507158,0.405405405405405
"ARF1",37,0.0175563354476569,0.0750750750750751
"ACE",36,0.00677657185033966,0.173015873015873
"ASPN",36,0.00192573626002778,0.426984126984127
"PLCB1",36,0.00914760862287318,0.149206349206349
"AGRN",36,0.00692346499643824,0.173015873015873
"CD163",36,0.00451956153833864,0.231746031746032
"AXIN1",36,0.0108364240639226,0.16031746031746
"EPAS1",36,0.00962753956794694,0.192063492063492
"GPX8",35,0.00521202516828949,0.236974789915966
"GPX7",35,0.00491756924365472,0.230252100840336
"SEC13",35,0.0134624978419332,0.0941176470588235
"VAMP2",34,0.0172298223087532,0.0766488413547237
"RPL3L",34,0.0108348139050756,0.219251336898396
"GDNF",33,0.00510506997883328,0.191287878787879
"CAMK2A",33,0.00688966295496086,0.109848484848485
"GOT2",33,0.00898533761371987,0.210227272727273
"MME",33,0.00543336911657439,0.210227272727273
"SOS1",33,0.00565448391671704,0.160984848484848
"COL8A2",33,0.00193159968708788,0.477272727272727
"COL16A1",33,0.00143162298545715,0.590909090909091
"MCAM",32,0.0100522866716351,0.143145161290323
"PLCG2",31,0.00591191848930508,0.193548387096774
"GNAI2",31,0.00706978597631804,0.146236559139785
"GATA2",31,0.00708064148666145,0.187096774193548
"CBS",31,0.0141168708588199,0.103225806451613
"GPI",31,0.00477178103333283,0.238709677419355
"LRP5",31,0.0103874340422176,0.195698924731183
"BCL6",31,0.00445559006220934,0.264516129032258
"HLA-DRA",31,0.00527963571158973,0.167741935483871
"LOXL1",31,0.00152895688751599,0.50752688172043
"HDAC3",31,0.0087664864271297,0.129032258064516
"LEF1",31,0.0039167323012589,0.245161290322581
"RPTOR",31,0.011690292680777,0.144086021505376
"CD81",30,0.00743160697178076,0.15632183908046
"CASK",30,0.00899654127184461,0.108045977011494
"TGFBI",30,0.00321074520803487,0.372413793103448
"SERPINF1",30,0.003665011281178,0.317241379310345
"CLU",30,0.00360843184208487,0.142528735632184
"CD47",30,0.00628676247649804,0.172413793103448
"CD38",30,0.00422147886544224,0.289655172413793
"ADAM10",29,0.00730107069407084,0.125615763546798
"SLC17A7",29,0.0085153020273862,0.160098522167488
"SHMT1",29,0.00428059279520174,0.261083743842365
"ALDH5A1",29,0.00754187092689307,0.177339901477833
"SULF1",29,0.0020461865014652,0.359605911330049
"COL9A2",29,0.000577602973421504,0.62807881773399
"ADAMTS2",29,0.00179946330710192,0.475369458128079
"SMO",29,0.0090787314394877,0.167487684729064
"NOTCH2",29,0.0041978487324228,0.266009852216749
"NOTCH3",29,0.00568706617436669,0.211822660098522
"ALDH9A1",28,0.00417327137148932,0.201058201058201
"ALDH4A1",28,0.00415304463324472,0.227513227513228
"RAD21",28,0.00833817859046569,0.148148148148148
"ADAMTS4",28,0.00141721008939071,0.428571428571429
"CTSB",28,0.00547626498459854,0.156084656084656
"CDH11",28,0.000997952200683921,0.53968253968254
"IRF3",27,0.00806644057965014,0.102564102564103
"ZBTB16",27,0.00614385637015973,0.196581196581197
"OGN",27,0.000636798412899368,0.504273504273504
"HMGCL",27,0.00621092620458711,0.290598290598291
"GLI2",27,0.00787061734930468,0.170940170940171
"F2",27,0.00356774048343084,0.128205128205128
"FCER1G",27,0.00401286394136164,0.207977207977208
"CX3CR1",27,0.00466330675957343,0.222222222222222
"AKT2",27,0.00754624658538176,0.205128205128205
"TCF3",27,0.00390001079999745,0.148148148148148
"ANPEP",27,0.00568693272887696,0.239316239316239
"LAMA4",26,0.000420643131881654,0.526153846153846
"DAG1",26,0.00578659071304594,0.135384615384615
"EFEMP2",26,0.000650978194844211,0.550769230769231
"COL24A1",26,0.000139026717380791,0.698461538461538
"IGFBP5",26,0.00157751232204045,0.396923076923077
"HSPA2",26,0.0109488527948919,0.150769230769231
"P3H1",26,0.00239401178810835,0.664615384615385
"IL33",26,0.00413977541855252,0.221538461538462
"AGO1",26,0.00835083772147178,0.169230769230769
"TRAF2",25,0.00491115673810683,0.126666666666667
"NID1",25,0.000546702961580553,0.54
"U2AF2",25,0.0060788548757558,0.183333333333333
"GSN",25,0.00538007507968882,0.153333333333333
"STX5",25,0.007572852852156,0.15
"CD59",25,0.00460682241332915,0.156666666666667
"COL6A6",25,8.26996086839158e-05,0.746666666666667
"HLA-DPA1",25,0.00316151970234862,0.183333333333333
"GABARAPL2",25,0.00778377120037159,0.06
"CASP1",24,0.00250811609000839,0.235507246376812
"STAT6",24,0.00137855738395853,0.318840579710145
"CRTAP",24,0.00172882015455092,0.644927536231884
"PRMT1",24,0.00613896245513559,0.152173913043478
"MRPL43",24,0.00384280854864257,0.315217391304348
"EHMT2",24,0.00787888302646367,0.0652173913043478
"UBA1",24,0.00518559871509973,0.130434782608696
"GAP43",24,0.00488972157221902,0.202898550724638
"MFAP4",23,0.00226099123279998,0.517786561264822
"PTN",23,0.00377509187110642,0.276679841897233
"AGTR2",23,0.0031839897403141,0.189723320158103
"MGP",23,0.00303295848635732,0.399209486166008
"HSPB1",23,0.00557273419372042,0.213438735177866
"TLR7",23,0.00162748891476929,0.229249011857708
"MRPS2",23,0.00104012290694037,0.490118577075099
"MRNIP",23,0.00169666405682811,0.454545454545455
"PRODH",23,0.00508606336881681,0.158102766798419
"CCDC80",22,0.00473385560067164,0.441558441558442
"HTR2A",22,0.00381232971443207,0.138528138528139
"RFC3",22,0.00722188124161663,0.220779220779221
"MCM6",22,0.00673007749814887,0.207792207792208
"CTHRC1",22,0.000238439214809441,0.593073593073593
"POLR2G",22,0.00669301510642023,0.173160173160173
"CDK9",22,0.00340796844879703,0.203463203463203
"P4HA3",22,0.00186878211399252,0.675324675324675
"TNFRSF8",22,0.00249991926309681,0.307359307359307
"KCNB1",22,0.00469172308050256,0.173160173160173
"COMT",22,0.0050474368234926,0.199134199134199
"MRPL46",22,0.00315549128758906,0.367965367965368
"CCNL2",22,0.00323978901868893,0.251082251082251
"TIAM1",21,0.00301560926310123,0.185714285714286
"PCCB",21,0.00215148016177822,0.280952380952381
"ASS1",21,0.00407787074421928,0.29047619047619
"ACAT1",21,0.00270827346499265,0.295238095238095
"NADK",21,0.00522729820414235,0.166666666666667
"PSMD10",21,0.00374788075423386,0.223809523809524
"PCNT",21,0.00897659480293817,0.0904761904761905
"CACNA1D",21,0.00514372297030956,0.247619047619048
"CD1C",21,0.00143302615177441,0.323809523809524
"COMMD5",21,0.00490849701199761,0.285714285714286
"CTNNA1",20,0.00432191855738595,0.110526315789474
"LIG1",20,0.00302480515945896,0.205263157894737
"CETN2",20,0.0125453559061086,0.0789473684210526
"BCAT2",20,0.000977865772192599,0.410526315789474
"ENPP3",20,0.00551600484018877,0.163157894736842
"SFRP4",20,0.000980055662900583,0.384210526315789
"P3H3",20,0.000329953673692314,0.847368421052632
"SDC3",20,0.00163550972273473,0.236842105263158
"ADAMTS3",20,0.001376269477317,0.489473684210526
"SDC2",20,0.00226900654462541,0.231578947368421
"ADCY3",20,0.00644880533498731,0.105263157894737
"MCHR1",19,0.00235062651858962,0.245614035087719
"LPAR5",19,0.00307421272646834,0.274853801169591
"RGS4",19,0.00186163204305861,0.362573099415205
"MAPK13",19,0.0026152427918273,0.175438596491228
"IDH3G",19,0.00153923358900578,0.350877192982456
"BCAT1",19,0.00341391595470043,0.39766081871345
"RBPJ",19,0.00604043928037811,0.222222222222222
"AEBP1",19,0.00192193710320071,0.532163742690059
"CACNA1G",19,0.0025111467682226,0.263157894736842
"CACNA1H",19,0.00548101547123708,0.263157894736842
"IVD",19,0.00210622723402835,0.304093567251462
"THBS4",19,0.000223500189492057,0.555555555555556
"ALDH1A2",19,0.00446837240094947,0.0935672514619883
"PRDX6",19,0.00304373247700538,0.304093567251462
"EARS2",19,0.0040448606464307,0.198830409356725
"ADCYAP1",19,0.00358892638565116,0.12280701754386
"RING1",19,0.00358256733219006,0.105263157894737
"TUBB4A",18,0.00589853208649072,0.189542483660131
"RPGR",18,0.00462038451767278,0.156862745098039
"NLGN3",18,0.00125386213313242,0.22875816993464
"IFT20",18,0.00207722117820605,0.261437908496732
"ITGBL1",18,0.000276974909965635,0.660130718954248
"RNPS1",18,0.00213450859568957,0.274509803921569
"JUND",18,0.00243255871196643,0.248366013071895
"FSCN1",18,0.00230709802056676,0.176470588235294
"DLST",18,0.000555555523218056,0.457516339869281
"OGDH",18,0.000969338189203617,0.405228758169935
"CENPA",18,0.00259321870177436,0.163398692810458
"ROBO1",18,0.0047923130280438,0.156862745098039
"FZR1",18,0.00281715850739953,0.176470588235294
"LRGUK",18,0.00837062236298282,0.0457516339869281
"EMD",18,0.00525666109379156,0.0980392156862745
"PLCE1",18,0.00184008974848377,0.352941176470588
"LTBP3",18,0.000309616384411077,0.509803921568627
"TNFRSF4",18,0.00195248605227706,0.26797385620915
"EML4",18,0.00414905499509523,0.111111111111111
"MRPL40",18,0.00146074787836853,0.535947712418301
"CCND3",18,0.000826771088651349,0.359477124183007
"LOXL2",18,0.00095113600403686,0.627450980392157
"SEPTIN5",18,0.00492582637137098,0.111111111111111
"WDR19",17,0.00189933390303713,0.316176470588235
"EFNB1",17,0.00245122406477946,0.154411764705882
"TULP3",17,0.00285498075394342,0.220588235294118
"BCL11A",17,0.00389561041815163,0.176470588235294
"ARL3",17,0.00303826457358423,0.316176470588235
"EPS8",17,0.00174344795807569,0.235294117647059
"LNX1",17,0.00565775880840023,0.0367647058823529
"ACSS3",17,0.00446525557510724,0.242647058823529
"SHANK2",17,0.00228303942057393,0.286764705882353
"PRKAG3",17,0.0064019101858284,0.110294117647059
"CACNG8",17,0.00361529279450541,0.352941176470588
"CACNB4",17,0.00173298781684772,0.301470588235294
"COLGALT2",17,6.699014317157e-05,0.897058823529412
"MAP1B",17,0.00221349576561655,0.242647058823529
"FUT4",17,0.00344685435739456,0.389705882352941
"NAMPT",17,0.00244668533668297,0.191176470588235
"TCF4",17,0.00223952470463869,0.235294117647059
"NDE1",17,0.00251859982891621,0.102941176470588
"SOD3",16,0.00257836785045635,0.233333333333333
"NMUR1",16,0.000533152820564246,0.425
"GNA14",16,0.00209479003185242,0.308333333333333
"GGT5",16,0.00161290863145143,0.341666666666667
"F2R",16,0.00199117155008927,0.2
"EPB41",16,0.00134297189303032,0.266666666666667
"SLC6A1",16,0.00379407564292747,0.208333333333333
"UNC13B",16,0.00311656815452467,0.191666666666667
"TRAP1",16,0.00371050302086453,0.116666666666667
"MXRA5",16,1.30762104778751e-05,0.85
"TRAF5",16,0.000914241513860077,0.2
"KIF7",16,0.00181607479057724,0.191666666666667
"CNIH3",16,0.00208155425279839,0.283333333333333
"DPT",16,2.6720200932605e-05,0.841666666666667
"GNRH1",16,0.00508651184671703,0.075
"NDC80",16,0.00355110757465696,0.216666666666667
"BUB3",16,0.00200085565352632,0.258333333333333
"MED24",16,0.00334077332788429,0.15
"MRPS18C",16,0.000451162269693369,0.65
"SLIT2",16,0.00129459058959003,0.208333333333333
"MYH10",15,0.00247483844638359,0.0571428571428571
"TUBA3D",15,0.00234853248582679,0.266666666666667
"PIP4K2A",15,0.00194578875196623,0.352380952380952
"BCHE",15,0.00147982454325055,0.276190476190476
"FCER1A",15,0.000640015876196144,0.39047619047619
"FST",15,0.00486039437154889,0.180952380952381
"BBS7",15,0.00121338267890515,0.333333333333333
"ADH1B",15,0.00208049098137902,0.152380952380952
"PAK4",15,0.00329273009044812,0.2
"BET1L",15,0.00390839604741502,0.171428571428571
"AACS",15,0.00249108698323461,0.19047619047619
"SF3B4",15,0.00334049698451193,0.276190476190476
"SGCE",15,0.0025289026582159,0.133333333333333
"LIN7A",15,0.00105814550351964,0.20952380952381
"GRIK4",15,0.00102231543022469,0.276190476190476
"MS4A2",15,0.000513944109811355,0.352380952380952
"PENK",15,0.00146094054800222,0.142857142857143
"SLC18A2",15,0.00149120217739991,0.219047619047619
"VEGFB",15,0.00161938175168914,0.438095238095238
"CMA1",15,0.000711694916100055,0.228571428571429
"PGF",15,0.000241593395895827,0.485714285714286
"SRRT",15,0.00283005465753412,0.295238095238095
"F8",15,0.00217046172156905,0.247619047619048
"PIK3C2B",15,0.00130237537516767,0.304761904761905
"TNXB",15,0.00158497602300445,0.561904761904762
"GDF15",15,0.00149688241010135,0.161904761904762
"KCNQ4",15,0.00179625043406335,0.371428571428571
"FZD7",15,0.000927704645960054,0.247619047619048
"ZRSR2",15,0.00419925466518623,0.20952380952381
"EIF4EBP1",15,0.00371284262544754,0.285714285714286
"EPB41L1",15,0.000896098225461903,0.342857142857143
"GDPD3",15,0.00171435718558538,0.285714285714286
"SF1",15,0.001285419621269,0.342857142857143
"PRPF3",15,0.0022736977829718,0.20952380952381
"UPF1",15,0.00468110985585081,0.0761904761904762
"RTN4R",15,0.00150643923915902,0.142857142857143
"NTF3",15,0.00103849822792958,0.4
"PKP2",15,0.00155151809621736,0.161904761904762
"DYNLT1",14,0.00514184601643434,0.032967032967033
"DLGAP1",14,0.000677872657639498,0.351648351648352
"FRZB",14,0.000849649710264296,0.274725274725275
"NEO1",14,0.00183531223942734,0.164835164835165
"EPHA3",14,0.000833669049979424,0.175824175824176
"RGS3",14,0.000943267095546064,0.43956043956044
"RGS17",14,0.00179980949267435,0.461538461538462
"RGS13",14,0.000543123738786158,0.461538461538462
"VAV2",14,0.00166380645195285,0.230769230769231
"PFN4",14,0.00152363759406357,0.208791208791209
"KCTD13",14,0.00242830052280719,0.241758241758242
"HTRA2",14,0.00202412688787525,0.142857142857143
"CC2D2A",14,0.0022980748631723,0.307692307692308
"COMMD10",14,0.000679877442552889,0.428571428571429
"CCDC22",14,0.00121708453940377,0.428571428571429
"HPX",14,0.000898592824018738,0.230769230769231
"CNR1",14,0.00070303806462168,0.274725274725275
"CUX1",14,0.00383371413856739,0.142857142857143
"ARHGAP39",14,0.00321781545068573,0.120879120879121
"SEMA3B",14,0.00085964046211999,0.164835164835165
"GFPT1",14,0.00202700536371325,0.263736263736264
"SLIT3",14,0.00103046004919204,0.241758241758242
"ACAD8",14,0.00164288906566691,0.32967032967033
"ANTXR1",14,0.00186172148276338,0.197802197802198
"CAVIN1",14,0.00213301188620704,0.142857142857143
"SPTBN4",14,0.00134480919389673,0.164835164835165
"EXT2",14,0.00183791835865949,0.230769230769231
"EGR2",14,0.00122597699575734,0.208791208791209
"TNFRSF25",14,0.0018375818101428,0.252747252747253
"DNM3",14,0.00396584696348302,0.164835164835165
"MRPS25",14,0.000135553701822191,0.835164835164835
"FZD2",14,0.00140564714404765,0.274725274725275
"COPZ2",14,0.00171141414946312,0.340659340659341
"KLHL2",14,0.00101293194117379,0.340659340659341
"CHRD",14,0.00107378645567865,0.208791208791209
"GABRB3",14,0.00126162540919692,0.197802197802198
"RACGAP1",13,0.00224428570990352,0.256410256410256
"TUBA3E",13,0.00138954694394143,0.320512820512821
"RXRB",13,0.00109182581108425,0.128205128205128
"FAP",13,4.01404677205961e-05,0.794871794871795
"ABCA4",13,0.00217425355467329,0.217948717948718
"SLC2A10",13,0.00116071803401788,0.525641025641026
"AAAS",13,0.00142625531411341,0.217948717948718
"PI4K2A",13,0.00113326105510256,0.435897435897436
"GSTO2",13,0.00140545086677011,0.435897435897436
"ISCU",13,0.00126586951534605,0.256410256410256
"ME3",13,0.000235983863144255,0.538461538461538
"PRKD1",13,0.0016522862727011,0.0641025641025641
"MERTK",13,0.0016604966751299,0.269230769230769
"ACSM3",13,0.00118509991682822,0.230769230769231
"TCEA2",13,0.00224728238236201,0.294871794871795
"BCR",13,0.00129136207897681,0.166666666666667
"PLXNB1",13,0.0018855144776317,0.128205128205128
"ZNF469",13,0.000571367465946228,0.512820512820513
"HAPLN1",13,0.000413432606924079,0.58974358974359
"TGM2",13,0.000805787389508334,0.256410256410256
"BANF1",13,0.0011430137013078,0.217948717948718
"RBL2",13,0.0026688253039527,0.333333333333333
"SLC38A9",13,0.00245130959916114,0.320512820512821
"CSPG5",13,0.000560930375199381,0.294871794871795
"PPL",12,0.00251335474308246,0.136363636363636
"TRPC6",12,0.00184661569677278,0.212121212121212
"COQ6",12,0.0027358492760596,0.151515151515152
"DDIT3",12,0.00143901808153406,0.181818181818182
"TLL2",12,3.11502111189176e-05,0.681818181818182
"MTMR14",12,0.00108704164933542,0.454545454545455
"IFT52",12,0.000388391041629809,0.515151515151515
"PIP5K1B",12,0.00133301430980553,0.439393939393939
"AMT",12,0.00168985240821867,0.303030303030303
"PRRT2",12,0.00164730950412364,0.257575757575758
"PGM1",12,0.00290558168659662,0.181818181818182
"ORC1",12,0.00039668589485112,0.393939393939394
"GTF2H5",12,0.00131712961607608,0.348484848484849
"CSTF3",12,0.00177183724292779,0.166666666666667
"NELFA",12,0.00144789184150226,0.303030303030303
"GRM2",12,0.000495628320406194,0.363636363636364
"SLC1A1",12,0.00373017324805116,0.151515151515152
"LEMD2",12,0.001485496361585,0.272727272727273
"DOC2A",12,0.00367131293225198,0.181818181818182
"PER2",12,0.00220761478710986,0.318181818181818
"LTBP4",12,0.00191113095845973,0.409090909090909
"PLCD4",12,9.95152453569015e-05,0.651515151515151
"C5",12,0.000449287086996883,0.348484848484849
"MASP1",12,0.00136240127905868,0.272727272727273
"CACNA2D4",12,0.00170674305723862,0.424242424242424
"GYPC",12,0.00186118592747043,0.151515151515152
"CYP11A1",12,0.00161678725622834,0.151515151515152
"PDE5A",12,0.00161845252134448,0.212121212121212
"CTSA",12,0.00611016704270019,0.121212121212121
"ISYNA1",12,0.00398767998219158,0.0757575757575758
"ACSF3",12,0.00200491696323557,0.106060606060606
"KCNC4",12,0.000926570436218472,0.363636363636364
"LMX1B",12,0.00213614609513644,0.106060606060606
"SESN1",12,0.00123221092786582,0.393939393939394
"LAMTOR3",12,0.00172655326230386,0.348484848484849
"UBA7",12,0.00316331112967939,0.287878787878788
"TERF2IP",12,0.000788583595473858,0.363636363636364
"KBTBD6",12,0.000882549750034483,0.454545454545455
"ADAMTS10",12,0.000731990621383898,0.212121212121212
"ELMO1",11,0.00138319523379147,0.109090909090909
"TUBA3C",11,0.000453135352081861,0.436363636363636
"DMAP1",11,0.00372724832297755,0.0363636363636364
"DNAAF4",11,0.00303036933344619,0.127272727272727
"TCF21",11,0.0016569312807265,0.2
"SARDH",11,0.000991955356499226,0.2
"NRP2",11,0.000226159172935421,0.309090909090909
"EPHB6",11,0.000674127852290984,0.218181818181818
"PDGFC",11,0.000876300136657498,0.272727272727273
"FMNL3",11,0.00067985249767199,0.236363636363636
"FIP1L1",11,0.00140372804402319,0.218181818181818
"MCRS1",11,0.00183848776579375,0.0727272727272727
"GSTM2",11,0.000219331232373059,0.618181818181818
"DUSP5",11,0.00124567649546331,0.163636363636364
"SERPINE2",11,0.00169969194147183,0.0909090909090909
"STX1B",11,0.00286862760836257,0.2
"POLE2",11,0.00210707692039405,0.381818181818182
"CAD",11,0.00179954519151787,0.309090909090909
"HOMER3",11,0.00105209447574219,0.381818181818182
"CATSPERB",11,0.00475368538644734,0.381818181818182
"ACD",11,0.000708616983982607,0.436363636363636
"SUN2",11,0.00208872028288989,0.2
"STS",11,0.00293249238225646,0.181818181818182
"RBM3",11,0.0022348540758936,0.109090909090909
"MRPS26",11,0.000847415604275297,0.690909090909091
"HMOX2",11,0.0012127508029809,0.145454545454545
"POFUT2",11,0.00286204231896735,0.0363636363636364
"CNTN4",11,0.00167932371069363,0.0727272727272727
"BHLHE41",11,0.000687155936182658,0.309090909090909
"CRY2",11,0.00169770460594414,0.309090909090909
"ADAMTS12",11,0.00167399197245178,0.309090909090909
"REC8",11,0.000972698090920971,0.290909090909091
"UBE4B",11,0.00160364749512963,0.127272727272727
"HSD17B8",11,0.00182947166667431,0.127272727272727
"BST1",11,0.00337309712216006,0.145454545454545
"ADAMTS14",11,0.000237670333709123,0.509090909090909
"HS3ST1",11,0.000712479800283217,0.363636363636364
"SRGN",11,0.000330496800302461,0.254545454545455
"EXT1",11,0.000501536694475084,0.4
"ECM2",11,0.000418967323514026,0.345454545454545
"AK5",11,0.00404156226586948,0.236363636363636
"H1-0",11,0.00221204876731526,0.2
"GDPD1",11,0.000613898549210688,0.363636363636364
"RECK",11,0.000631256102197327,0.218181818181818
"LUC7L",11,0.000608435246851794,0.472727272727273
"GABRD",11,0.000762066767609756,0.236363636363636
"LINGO1",11,0.000568635126201915,0.290909090909091
"SMOC2",11,0.00404633855705645,0.163636363636364
"SCN4B",11,0.000547388988657277,0.309090909090909
"TDP2",11,0.0013022629108502,0.127272727272727
"KLRF1",10,0.000303525401124846,0.222222222222222
"ADGRA2",10,0.00127445389669725,0.155555555555556
"PPP1R15A",10,0.00256328301630398,0.0222222222222222
"PDK2",10,0.00103921825373555,0.177777777777778
"TRIP6",10,0.00379059421702359,0.0444444444444444
"IL1RL1",10,0.000862369551816514,0.288888888888889
"IL18R1",10,0.000325374628064974,0.2
"LGALS3BP",10,0.000530769663369352,0.266666666666667
"MTMR4",10,0.0005801751440006,0.644444444444444
"LAS1L",10,0.00207166042748141,0.133333333333333
"GSS",10,0.000107515077866005,0.711111111111111
"POC1B",10,0.00208365207302119,0.2
"ARPC1A",10,0.0015707408485068,0.0888888888888889
"CPA3",10,0.000218614930799159,0.422222222222222
"KCNJ4",10,0.00079366797610413,0.222222222222222
"MYO10",10,0.000670279154531279,0.0666666666666667
"IBA57",10,0.00119391811760666,0.288888888888889
"POLA2",10,0.00011286707713098,0.533333333333333
"TNFSF12",10,0.000730497640123962,0.266666666666667
"EGLN1",10,0.0015099393799388,0.288888888888889
"IQGAP2",10,0.00179396202355796,0.133333333333333
"PRCP",10,0.00190113608944926,0.177777777777778
"TRIM27",10,0.00143362264481311,0.0888888888888889
"PAF1",10,0.00293171650155773,0.355555555555556
"RTKN",10,0.000845322626252938,0.266666666666667
"APLP1",10,0.00246807533761049,0.0666666666666667
"USF2",10,0.00069822461516172,0.222222222222222
"C8orf37",10,0.000577380188604575,0.311111111111111
"ADM",10,0.000758756107160071,0.177777777777778
"SOCS2",10,0.000642229722174248,0.288888888888889
"KCNJ11",10,0.00103666203590262,0.0888888888888889
"AOX1",10,0.00191498849885795,0.244444444444444
"FBF1",10,0.00128129951919522,0.111111111111111
"NME4",10,0.000480389671733813,0.422222222222222
"TP63",10,0.00118771156750179,0.177777777777778
"FCN3",10,0.000197443978288521,0.355555555555556
"NSD2",10,0.00164249538210098,0.222222222222222
"JAM3",10,0.00140315222679244,0.155555555555556
"ENPP2",10,0.0012029934663272,0.333333333333333
"RBL1",10,0.00060961158827537,0.4
"ITFG2",10,0.000902623754999711,0.333333333333333
"NPRL2",10,0.000814573945777808,0.4
"RBM5",10,0.000126982945455531,0.511111111111111
"PRKAR1B",10,0.00141586843767246,0.111111111111111
"HAUS1",10,0.00109874933693315,0.133333333333333
"CDR2",10,0.00131030844930949,0.0222222222222222
"UBE2H",10,0.000665757840607187,0.244444444444444
"ALOX5AP",10,0.000248819625801965,0.222222222222222
"PEX10",10,0.00179489158170427,0.355555555555556
"KLHL42",10,0.000191546233968205,0.666666666666667
"TMEM43",9,0.000962101783916191,0.194444444444444
"SPECC1",9,0.0014380046079174,0.194444444444444
"PRKCE",9,0.001160779045675,0.0277777777777778
"CD82",9,0.00203689037409708,0.111111111111111
"MAGI1",9,0.00177900826079298,0.0555555555555556
"SCN3A",9,0.000281108718176839,0.416666666666667
"ORMDL3",9,0.0014892957599096,0.166666666666667
"EPHB3",9,0.00046229588400656,0.361111111111111
"IFT27",9,0.000151047247753349,0.666666666666667
"MAP3K11",9,0.00109763721269004,0.0833333333333333
"UNC119",9,0.00129464302427028,0.0555555555555556
"GSTM5",9,3.77623004744348e-05,0.833333333333333
"WASF3",9,0.00260395477507668,0.166666666666667
"SSPN",9,0.000440991734680817,0.333333333333333
"SLC26A4",9,0.00127181489472381,0.0555555555555556
"EXOC7",9,0.00184615733860739,0.0555555555555556
"DNAH1",9,0.00140513110091641,0.166666666666667
"NUBP1",9,0.00118868452908823,0.111111111111111
"IL34",9,0.000303628266589004,0.5
"SIAH2",9,0.00311301517666423,0.166666666666667
"FNDC1",9,0.000274748414893067,0.638888888888889
"EDC3",9,0.00187564227432753,0.0555555555555556
"HIF3A",9,0.000102774149422298,0.555555555555556
"PTGFR",9,0.000840752255166168,0.138888888888889
"TRPS1",9,0.00142389949368529,0.166666666666667
"EVC",9,0.00110318420772633,0.25
"DERA",9,0.000827182776856664,0.166666666666667
"AFF3",9,0.000628384737350211,0.333333333333333
"HDC",9,0.000603287065062816,0.305555555555556
"PLPP2",9,0.00269913097146988,0.0555555555555556
"PLIN3",9,0.00371659512595585,0.138888888888889
"LRPAP1",9,0.00367045474540376,0.0277777777777778
"NR1D1",9,0.000441804118238618,0.333333333333333
"MUSK",9,0.00073550372010451,0.305555555555556
"ZNF408",9,0.0063066464901976,0.0555555555555556
"MRPL57",9,2.88842196318327e-05,0.805555555555556
"TM7SF2",9,0.00246669684816937,0.111111111111111
"SAP30",9,0.000714757032532451,0.166666666666667
"IGF2BP2",9,0.000801431038402761,0.194444444444444
"ACKR2",9,0.000800837747939208,0.277777777777778
"KCNS3",9,6.33541016460539e-05,0.805555555555556
"MED22",9,0.000390981126221445,0.388888888888889
"AP1S1",9,0.000736433293622255,0.361111111111111
"TSTD1",9,0.000542922142598224,0.166666666666667
"CHERP",9,0.0012329525378501,0.527777777777778
"SIX5",9,0.000712676002142888,0.166666666666667
"SH2B1",9,0.000817127349516657,0.138888888888889
"UNC5B",9,0.0005219860318391,0.25
"UBE2E2",9,0.000589769514340265,0.166666666666667
"GLOD4",9,0.000553922772519463,0.222222222222222
"SDSL",9,0.000937219244552635,0.444444444444444
"NSFL1C",9,0.00170697661091759,0.0833333333333333
"PEX6",9,0.000460949068943832,0.361111111111111
"KCTD7",9,0.000109011156837818,0.583333333333333
"DIO2",8,0.0003732364606672,0.214285714285714
"PKP3",8,0.000978432386764296,0.25
"DSC2",8,0.000484123245776467,0.392857142857143
"STAB1",8,0.000801181611795691,0.392857142857143
"SPECC1L",8,0.00204621333459142,0.178571428571429
"NLRP1",8,0.000254937336133152,0.25
"VASH1",8,0.000587429645571343,0.321428571428571
"ACAD10",8,0.000552289930724321,0.321428571428571
"IFT43",8,4.68943948295551e-05,0.678571428571429
"DGKE",8,0.00114333371871468,0.428571428571429
"HLCS",8,0.00161997234235753,0.25
"LPAR4",8,0.000381202155680641,0.428571428571429
"RBCK1",8,0.0004005604175588,0.321428571428571
"EYS",8,0.0006732342025824,0.357142857142857
"GDF6",8,0.000246532638809194,0.0714285714285714
"EPHA5",8,0.00119002482381609,0.321428571428571
"SCNN1A",8,0.00109540364497104,0.392857142857143
"DYNC2LI1",8,0.0002458552962816,0.428571428571429
"RGS11",8,3.3053441698645e-05,0.821428571428571
"NRGN",8,0.000572336777596387,0.142857142857143
"ACVRL1",8,0.000351172918416976,0.178571428571429
"RPS6KA2",8,0.000790383172577032,0.214285714285714
"EFCAB1",8,0.00322604427746633,0.0714285714285714
"U2AF1L4",8,0.000237660106038398,0.464285714285714
"SNTG2",8,0.0017473694072289,0.214285714285714
"DUOX1",8,0.00130693504999611,0.5
"PDK3",8,0.00200254253748813,0.321428571428571
"KIRREL3",8,0.0017195931408346,0.107142857142857
"HOPX",8,0.00198494621343652,0.0714285714285714
"CPE",8,0.000650826520107843,0.107142857142857
"CNOT3",8,0.00430174818055173,0.0714285714285714
"CNTROB",8,0.00203206589537731,0.142857142857143
"CDC42EP4",8,0.000736779360050302,0.214285714285714
"KCNIP3",8,0.000564851511698003,0.214285714285714
"NPR1",8,0.000170835978023206,0.25
"MAGED1",8,0.00130570589005691,0.142857142857143
"CDH6",8,0.000340790280953966,0.321428571428571
"MAPK8IP1",8,0.00182399589723556,0.0714285714285714
"GFPT2",8,0.000165653685869424,0.464285714285714
"MST1R",8,0.000384266031273419,0.142857142857143
"CYP46A1",8,0.00069545812804052,0.142857142857143
"APLNR",8,0.000165011887837142,0.535714285714286
"HTRA1",8,0.000223846696145842,0.285714285714286
"ZNF521",8,0.00423646942851758,0.214285714285714
"CYP26B1",8,0.000766300406492306,0.25
"RARG",8,0.00139877153227306,0.25
"RARB",8,0.000432338230026773,0.214285714285714
"SULT1B1",8,0.00232597714124336,0.0714285714285714
"DNAJB2",8,0.000881858738906904,0.142857142857143
"KIRREL1",8,0.000532374473626324,0.142857142857143
"MATN3",8,0.000228121291259011,0.392857142857143
"IFNGR2",8,0.00112006853815228,0.0714285714285714
"RYR3",8,0.00411719596500542,0.214285714285714
"LAPTM5",8,0.000136957308092123,0.5
"TAPBP",8,0.00099254710051566,0.25
"COLEC11",8,9.55882381521575e-05,0.464285714285714
"LRIG3",8,0.0020624212549264,0.0714285714285714
"COPG1",8,0.000451025657883211,0.464285714285714
"PTPRN2",8,0.00084912757165666,0.0714285714285714
"NFATC2IP",8,0.000808380219231223,0.107142857142857
"KIF13A",8,0.00106211173131412,0.214285714285714
"KIF25",8,0.000948694498503911,0.321428571428571
"TNNT3",8,0.000328388189037309,0.25
"MYL1",8,0.000537935863198023,0.285714285714286
"KCNK1",8,0.0010161086867913,0.214285714285714
"RAB35",8,0.0015686576530003,0.0714285714285714
"SEPTIN8",8,0.00120478579254333,0.178571428571429
"SOWAHC",8,0.000260899333294233,0.428571428571429
"ADGRB1",8,0.000494671512787992,0.142857142857143
"OMG",8,0.000986054467544452,0.178571428571429
"GFRA3",8,7.40238040582181e-05,0.5
"LEFTY2",8,0.000392105978029674,0.214285714285714
"NDP",8,0.00165564853651367,0.178571428571429
"NEXN",8,0.00112903892849036,0.25
"IL17RA",8,0.000141428441832206,0.214285714285714
"TUT1",7,0.00201813114749751,0.0476190476190476
"ZMYND10",7,0.000304816363583742,0.333333333333333
"IFNLR1",7,0.000201763441555506,0.0952380952380952
"DNAAF3",7,0.000401312684831208,0.333333333333333
"TBCA",7,0.000726570602648331,0.428571428571429
"FBXO15",7,0.00280952132428437,0.142857142857143
"EXOSC8",7,0.00111680025061568,0
"PFDN1",7,0.0017876151867224,0.285714285714286
"PTGDR",7,0.000602793598209837,0
"RGS9",7,2.55834203629157e-05,0.80952380952381
"IRAK3",7,0.000324376961137535,0.285714285714286
"CFAP20",7,0.00226921331773645,0.19047619047619
"NHLRC1",7,0.00075099628207364,0.142857142857143
"LRRC32",7,0.000424625420776287,0.0952380952380952
"CBY1",7,0.0018852844759245,0.0952380952380952
"HOOK1",7,0.00201762856888748,0
"MYL6B",7,0.000372531866566884,0.333333333333333
"AZIN2",7,0.000224378727553997,0.476190476190476
"TBXA2R",7,0.000167828099424208,0.333333333333333
"PTPRA",7,0.000266767220631655,0.380952380952381
"HJV",7,0.000139272644437129,0.238095238095238
"PLXNB2",7,0.000141210618769954,0.19047619047619
"PHYH",7,0.0009813464591088,0.619047619047619
"TYSND1",7,5.14098473464515e-05,0.714285714285714
"PEX7",7,0.00148672179444436,0.476190476190476
"SLC16A2",7,0.000881709825431254,0.0476190476190476
"PNKD",7,0.00104222010256628,0.19047619047619
"MLKL",7,0.000175647897637865,0.523809523809524
"TNFRSF11A",7,0.00108787372362506,0.238095238095238
"KDELR3",7,0.000212493600749588,0.571428571428571
"CPNE8",7,0.000213771248116223,0.476190476190476
"SRP9",7,0.000245134687083442,0.380952380952381
"SUGCT",7,0.00191689531270398,0.0952380952380952
"ANOS1",7,0.00154048186929527,0.142857142857143
"WDR76",7,0.000637801896407322,0.142857142857143
"ATP2A3",7,0.000409823349540327,0.19047619047619
"MATN2",7,0.000322040313399018,0.428571428571429
"EAF2",7,0.000256240279332328,0.666666666666667
"SCGN",7,0.00048640875465909,0
"PODXL2",7,0.00162634575808887,0.142857142857143
"DOCK5",7,0.00262773895838252,0.0476190476190476
"AMOT",7,0.000526914507841685,0.0952380952380952
"F2RL2",7,3.5771862899158e-05,0.714285714285714
"LPIN1",7,0.00307690199695478,0.142857142857143
"TONSL",7,0.00101236034199774,0.19047619047619
"DBP",7,0.000123186944587036,0.476190476190476
"NOP10",7,0.00125864916749492,0.0476190476190476
"RAPSN",7,0.000357155175392541,0.333333333333333
"GID8",7,0.00113833193714248,0
"ALX4",7,0.000216582719497757,0.142857142857143
"PIWIL4",7,0.00134135809526131,0.0476190476190476
"BDH2",7,0.00139360156423863,0.285714285714286
"PLPBP",7,0.00229524576965794,0
"POLR1E",7,0.000332638969228732,0.285714285714286
"HPSE",7,8.14084118378654e-05,0.761904761904762
"INTS4",7,0.00121255469660874,0.142857142857143
"CFAP70",7,0.0017828186973228,0.142857142857143
"PLS1",7,0.000325234103299787,0.619047619047619
"SLC2A4RG",7,0.00160300837912573,0.19047619047619
"PDE1C",7,0.00018534316159084,0.380952380952381
"CHST6",7,9.30315925401428e-05,0.333333333333333
"PCSK5",7,0.000530607662019241,0.238095238095238
"HARS2",7,0.000751049676183911,0.142857142857143
"ANO1",7,0.000533786504584026,0.285714285714286
"ETV4",7,0.000125706778822121,0.285714285714286
"TMEM216",7,0.000180372703468926,0.476190476190476
"CNBP",7,0.00254520918785084,0.0952380952380952
"OBSCN",7,0.00304536740120689,0.0476190476190476
"TSPAN32",7,0.00272862082356374,0.142857142857143
"UBE2Z",7,0.000696170241443106,0.380952380952381
"SIGLEC7",7,0.00030474324619206,0.333333333333333
"CDKN2D",7,9.45041835665921e-05,0.619047619047619
"KIF26A",7,0.000358252489679825,0.428571428571429
"ANKRD2",7,0.00130514744131446,0.142857142857143
"TNNT1",7,0.000760989145418777,0.285714285714286
"HTATSF1",7,0.000116179221484398,0.571428571428571
"UNC5C",7,0.000233103104409552,0.380952380952381
"OLAH",7,0.00223686316931633,0.0476190476190476
"ASB11",7,0.0014666623436482,0.285714285714286
"PTGFRN",7,0.000377350252496186,0.238095238095238
"DAPK3",6,0.001517475301441,0.133333333333333
"FAM13A",6,0.00137303530062583,0.0666666666666667
"NSMCE1",6,0.00168097677356276,0.133333333333333
"CRHR2",6,0.000274721038767268,0.2
"TMEM219",6,8.01549706288078e-05,0.666666666666667
"LZTS2",6,0.000969305344273536,0.2
"DGKI",6,0.000168417368332405,0.466666666666667
"WTIP",6,0.00015231797202597,0.666666666666667
"IL27RA",6,6.57889011186392e-05,0.2
"DDAH2",6,0.000200589066956372,0.0666666666666667
"PARP10",6,0.00240027478276585,0.0666666666666667
"PRICKLE2",6,0.000439859303386086,0.333333333333333
"APOD",6,0.000289168526478674,0.133333333333333
"DCLRE1C",6,0.000214575345556149,0.0666666666666667
"PLEKHG5",6,0.00272480219605346,0
"DLGAP4",6,0.00021970919589155,0.666666666666667
"MARVELD2",6,0.000361437887185178,0.266666666666667
"ENDOV",6,0.00177157693933453,0
"FMN1",6,8.3438869893379e-05,0.333333333333333
"SNTB1",6,6.14204365471788e-05,0.666666666666667
"SLC36A1",6,0.00426706405607219,0.333333333333333
"SIGLEC9",6,3.76497202645862e-05,0.533333333333333
"A4GALT",6,0.00268720966108562,0
"GPN3",6,0.000375038970385713,0.2
"ASPA",6,0.000365479116287538,0.333333333333333
"TFR2",6,7.37759564798309e-05,0.266666666666667
"SLC25A11",6,7.79750419050464e-05,0.666666666666667
"P2RY13",6,0.0014244669102424,0.2
"TACC1",6,0.00107167386837556,0.0666666666666667
"PPOX",6,0.000570597758733606,0.133333333333333
"TRAF3IP2",6,9.75751768651432e-05,0.333333333333333
"IL11RA",6,0.000224787101644487,0.2
"ERP29",6,0.000900212734168492,0.0666666666666667
"MAN1C1",6,0.0017828325010065,0.2
"CLDN12",6,0.00097617871666226,0.2
"SPRED2",6,0.000628722192184991,0.333333333333333
"TANGO2",6,0.000635205007683344,0.466666666666667
"CDC42EP1",6,3.68757813129374e-05,0.666666666666667
"CBLB",6,0.000836864463285723,0.133333333333333
"MMP15",6,5.51733732247503e-05,0.4
"KCNIP1",6,0.000154138206985674,0.266666666666667
"UHRF2",6,0.0019615750147143,0
"CRYM",6,0.000388523719950292,0.0666666666666667
"TNFSF15",6,2.77034037753001e-05,0.466666666666667
"ECE2",6,9.70009266334268e-05,0.266666666666667
"IL15RA",6,0.000244279639817085,0.2
"CHRNA3",6,0.000788804050470328,0
"NPAS3",6,0.000619680643215995,0.0666666666666667
"CC2D1B",6,0.000172230152160909,0.666666666666667
"CLIP3",6,0.00181626704108085,0.0666666666666667
"NPR3",6,0.0003011651161691,0.266666666666667
"VPS37D",6,0.00133944499803665,0.266666666666667
"TPK1",6,0.00684398576935477,0.0666666666666667
"MXI1",6,0.000208897782743779,0.2
"ENC1",6,0.000101680735685031,0.666666666666667
"RPP40",6,0.00248496107192055,0.0666666666666667
"DOCK7",6,0.00187693626503228,0.133333333333333
"SLC35C1",6,0.00196237231354322,0
"SAT1",6,0.000146555400447456,0.266666666666667
"NAGK",6,0.000468543515469992,0.2
"CHST9",6,0.000272361415373145,0.2
"UAP1",6,0.000138658721949734,0.6
"PLXDC2",6,0.00538585969226691,0
"PLCH1",6,9.59739873118265e-05,0.4
"SCO1",6,0.00280091782521638,0
"KMT5C",6,0.000260475022989714,0.266666666666667
"CARD14",6,0.000755620482844232,0
"ZBTB7B",6,0.000194184020788948,0.266666666666667
"SUDS3",6,0.000127847797788535,0.333333333333333
"HSD17B7",6,0.000235304419206586,0.333333333333333
"DZIP1",6,0.00103586079873962,0.133333333333333
"CARS2",6,0.00280584661297244,0.133333333333333
"HSPB6",6,0.000193261505732708,0.266666666666667
"MOXD1",6,0.00144627016239059,0.266666666666667
"SPATA6",6,0.000857782378891386,0
"PEF1",6,0.000264856051803761,0.666666666666667
"USP3",6,0.00177829144334621,0.2
"MYBL1",6,0.000391878199414957,0.2
"PRMT2",6,0.00042827769829118,0.2
"MIEN1",6,0.00101673762654688,0.266666666666667
"TMEM231",6,0.000161908615016313,0.533333333333333
"QPCTL",6,0.000282109595985032,0.0666666666666667
"RHAG",6,0.000127341258077415,0.466666666666667
"GSG1L",6,0.00141433255121399,0.4
"ADAM19",6,0.000542523346066188,0.2
"GGH",6,6.27788671213488e-05,0.333333333333333
"CAMKK2",6,0.000622051992327762,0.2
"SAE1",6,0.000190860445119842,0.333333333333333
"EDIL3",6,0.00156067604651936,0.133333333333333
"FUNDC1",6,0.000540614043397232,0.2
"LRRC57",6,0.000643306879017452,0.2
"ARMS2",6,0.000162530768533295,0.266666666666667
"ALOX15B",6,5.9488042281462e-05,0.466666666666667
"EVPL",6,0.000179358613484966,0.466666666666667
"RANGRF",5,0.000123137603730609,0.4
"BICC1",5,0.000348618327031814,0.1
"YIPF1",5,0.00165189456991574,0.1
"ZMYND8",5,0.00053403008382148,0.1
"ZNF74",5,0.00146464331026545,0.4
"OTUD5",5,0.000187146326386137,0.5
"TRIM4",5,0.00138184005533341,0.3
"STAMBPL1",5,0.000581676509753426,0.4
"ANGPTL2",5,7.07067064190466e-05,0.5
"TRIM26",5,0.000268445668729822,0
"KLF15",5,0.000357982902982302,0.3
"HIRIP3",5,0,1
"PLAGL1",5,0.00142777056242639,0.1
"SESN3",5,1.86695974601816e-05,0.8
"IL17D",5,0.000420191342495244,0.1
"RHNO1",5,0.00110648939629054,0.1
"PPP1R3C",5,0.000377489979107909,0.4
"ABLIM1",5,0.00030902185572215,0
"SAMD4B",5,0.000499034805245837,0
"BCAS3",5,0.00117290161668835,0.1
"PCP4",5,0.000389939667563666,0.1
"HINT1",5,0.000865276196949256,0
"PPEF1",5,0.000673573287406199,0
"MYCBP",5,0.00138733452470943,0.2
"HIKESHI",5,0.000280613394358913,0.3
"DACT1",5,2.47100089115831e-05,0.4
"JAM2",5,0.000298930543090369,0.3
"NAB1",5,1.14677177166917e-05,0.4
"UNG",5,0.00170122443375362,0.1
"NEBL",5,0.000392672751725426,0.2
"FES",5,7.72758110866407e-05,0.4
"LSP1",5,0.00150538729109794,0.3
"LRMP",5,0.000563008800504716,0
"CABP1",5,0.000139741174631027,0.4
"EBF2",5,0.000133735363390243,0.2
"TTLL7",5,0.00211085408396347,0.1
"MYO1E",5,5.17839683990353e-05,0.6
"AMHR2",5,5.17153881312018e-05,0.3
"KIAA1549",5,0.000261060184552441,0.1
"MBOAT7",5,0.00178188909650522,0.1
"PLA2G5",5,0.0006194288336579,0.3
"EVL",5,0.000409080924100203,0.2
"MMS22L",5,0.0022308008063254,0.2
"TTC3",5,0.00035027695322841,0
"RMI2",5,0.000448606762437729,0.7
"SLC28A1",5,0.000754857342408759,0.1
"ZNF830",5,0.000105503331266347,0.3
"TNIK",5,0.000245461805450609,0
"ZNF212",5,0.00343857351706728,0.1
"CARNS1",5,0.000361977323839964,0.1
"ZNF512B",5,0.000222320039140518,0.1
"HDAC11",5,0.000128466544866179,0.3
"LRRC23",5,0.000534126640232682,0
"TGIF2",5,0.000172687900904264,0.4
"ZNF704",5,0.000309481294826067,0.4
"S100A2",5,0.00175269699987203,0.2
"CYTH3",5,0.00206378764642633,0
"RAB3D",5,0.000462496481025556,0.2
"PER3",5,0,1
"TSEN54",5,0.00116574726009163,0.2
"CHID1",5,0.00127308675532459,0.1
"COQ4",5,0.000565303143585475,0.1
"RAMP2",5,0.00029327703051649,0.5
"MAGED2",5,0.00020219330241493,0.1
"LFNG",5,0.00136195739412361,0.6
"PIP4P2",5,0.00134601847262647,0.4
"CHTF8",5,0,1
"SMYD5",5,0.00141704545797061,0.2
"ACBD4",5,0.000485503246823374,0.5
"SDR16C5",5,0.000458323994257873,0.3
"ESRP2",5,0.00287298684200681,0
"ATOH7",5,0.00010416038656494,0.2
"H1-2",5,6.21370490110993e-05,0.4
"NIT1",5,0.000227260546429852,0.1
"UBAC2",5,0.000474828811000513,0.2
"GMPR",5,0.000134059490387101,0.5
"KCNN3",5,0.000652914623418798,0.3
"SAMHD1",5,5.94140325588573e-05,0.4
"FAM214B",5,0.00154404532542315,0
"AFAP1",5,0.000681081792462718,0.1
"SCG2",5,3.16826934058167e-05,0.3
"DDX28",5,0.000109950451528498,0.2
"FBXL16",5,0.0028621584945219,0.1
"CCDC102A",5,0.00142864857537235,0
"HLA-DOA",5,9.03891070279338e-07,0.9
"TSPAN10",5,0.000576458801399425,0.3
"ST3GAL5",5,0.00180917406739969,0
"BCAM",5,0.000431825643333655,0
"NTN5",5,0.000140377989407342,0.3
"CNIH4",5,3.28519530930447e-05,0.9
"HMCN1",5,0.000191886845894478,0.2
"EHBP1L1",5,0.000636153432130231,0.3
"TBC1D1",5,0.00166095693980135,0
"TUBGCP4",5,0.000705439359398386,0.2
"S100A14",5,0.000281437192009993,0.2
"RAB24",5,0.000145966380645925,0.1
"SLC9A9",5,0.000274307696027481,0.4
"EFCC1",5,0.00164073114015479,0
"TBC1D25",5,0.00167818128918689,0.1
"CEP78",5,0.000223572316483549,0.1
"MAGEH1",5,0.000217787851132095,0.2
"KCNE5",5,0.00012612762443088,0.4
"FBXL4",4,0.00144230906916939,0
"PABPC5",4,0.000437615505191089,0.166666666666667
"YIPF7",4,0.000136184434244326,0.166666666666667
"UNC45A",4,0.000280618156912568,0.166666666666667
"ZBTB4",4,0.000158558538453348,0
"PDIA5",4,0.000181601653570417,0.166666666666667
"HTATIP2",4,0.000302692023576574,0.166666666666667
"TSR2",4,4.26371281744772e-05,0.333333333333333
"CTF1",4,0.000350526411249513,0.166666666666667
"PPP1R3D",4,2.05866072044292e-05,0.5
"ARAP1",4,0.000124599036292875,0.333333333333333
"TTLL12",4,0.0018993549896443,0
"PARP16",4,0.00138889350331564,0.166666666666667
"SLC24A1",4,0.000103788269403841,0.166666666666667
"GOLGA3",4,0.00023018837187944,0
"SHB",4,3.3493079782284e-05,0.333333333333333
"ATOH8",4,7.21234613484328e-05,0.333333333333333
"SNX13",4,4.82596631173478e-05,0.5
"ENPP6",4,7.80328988518637e-06,0.833333333333333
"RAB27B",4,0.00077626425007377,0.166666666666667
"OLFML1",4,4.48048121634741e-05,0
"C15orf65",4,0.000273970359372119,0.666666666666667
"SRPX",4,3.50090927775102e-05,0.333333333333333
"ELAVL3",4,0.000194012755209268,0.333333333333333
"DAAM2",4,4.30464707994731e-05,0.333333333333333
"KIAA1217",4,0.000207993503417327,0
"C22orf39",4,0.000124435305757333,0.333333333333333
"KLHDC9",4,0.000255449295129563,0
"ZNF365",4,0.000127692034729837,0.333333333333333
"GRID1",4,3.3670930267916e-06,0.666666666666667
"DUSP8",4,0.000106059604265317,0.333333333333333
"SPACA9",4,0.000134852330170126,0.5
"STON2",4,1.78234306319336e-05,0.5
"BLOC1S4",4,0.000485362115259551,0.166666666666667
"LAYN",4,0.000667960200505428,0.166666666666667
"FRS3",4,2.90528913456881e-05,0.5
"CNN3",4,0.000101332983279142,0.333333333333333
"GNMT",4,2.04996777952917e-05,0.666666666666667
"GPR83",4,0.00156813183700479,0.333333333333333
"GPR84",4,0.000272626316777268,0.166666666666667
"FCHO2",4,0.000172947592248003,0.166666666666667
"BTN3A1",4,0.000282202301939968,0
"DNAL4",4,0.000532151868639524,0.166666666666667
"SLC7A6OS",4,0.000105040766565655,0.333333333333333
"PTCH2",4,3.71663513418091e-05,0.833333333333333
"TMC4",4,0.000121107883890246,0.166666666666667
"UROD",4,4.43285945029569e-05,0.5
"MORN1",4,0.00385746204795178,0.166666666666667
"DND1",4,0.000267420720463063,0
"TDRD9",4,0.000283010190394631,0
"LRRIQ3",4,0.00167481619501061,0
"SGSM2",4,0.00161841179503508,0
"SELENOK",4,1.29747944617243e-05,0.833333333333333
"RIMKLB",4,1.69124346404621e-05,0.5
"SPRED3",4,1.96351664466306e-05,0.666666666666667
"ST8SIA1",4,0.000573261697574989,0
"GET1",4,0.000100715558365665,0.5
"TFCP2L1",4,2.92646052197489e-05,0.5
"ARSL",4,4.93115457221884e-05,0.166666666666667
"BNC2",4,0.00292717667150398,0
"NAALADL2",4,0.00193580116952512,0
"NDUFAF3",4,0.00158519554058258,0
"EEF1E1",4,0.000375717933776592,0.166666666666667
"FARP1",4,0.000143181892130456,0.5
"CCDC120",4,0.000136878449302539,0
"ZNF574",4,0.00112588280364459,0.166666666666667
"TRAK1",4,0.000105765024232852,0.166666666666667
"CPM",4,5.77099734589502e-05,0.5
"LRRC61",4,0.0027180664524441,0.166666666666667
"ABHD11",4,0.000376819309582298,0
"SCARA3",4,0.000384107472239531,0
"RERE",4,6.63434013772282e-05,0
"DNAJC30",4,0.000294718106133105,0
"ABHD14A",4,0.00157352230106539,0
"MSS51",4,0.00150674354813292,0
"BEGAIN",4,0.00161105172160694,0
"BRSK1",4,0.000137520858356186,0
"SLC9C1",4,0.000523999911285141,0.166666666666667
"SETD4",4,0.00165199935184903,0
"LRRC3B",4,0.00275075497807054,0
"PGAP3",4,0.000135461611693294,0.333333333333333
"PIGN",4,0.000501979412193452,0.333333333333333
"PIGG",4,0.000326572666639393,0.333333333333333
"PROCA1",4,0.000494265680903074,0.5
"ALG3",4,0.00149548983320582,0
"GLT8D2",4,0.000185661126733942,0.166666666666667
"USP30",4,0.000385472456376316,0.333333333333333
"RHBDD2",4,0.00138710393872058,0.166666666666667
"RHBDF2",4,0.00108777032637077,0.333333333333333
"CTSO",4,5.81470523299323e-05,0.5
"PRDM11",4,0.00252948211892462,0
"CCDC8",4,0.000488419639972459,0.333333333333333
"CD180",4,0.000498133403402028,0
"BRSK2",4,0.000113965249208392,0
"NUDT7",4,0.000480992538146245,0.5
"DTX4",4,1.5099856235854e-05,0.666666666666667
"MR1",4,0,1
"PRKRIP1",4,0.00145237487176766,0.166666666666667
"TOR1AIP2",4,0.000703552912495616,0.166666666666667
"LRRC41",4,2.6679310688353e-05,0.5
"ZNF622",4,0.000405929646997593,0.333333333333333
"ANKRD23",4,0.0016507264450503,0
"DOK4",4,0.000847276168768085,0.166666666666667
"CYP27A1",4,0.000861329223238746,0.166666666666667
"HAAO",4,0.000200231132501504,0
"EHD3",4,0.00112779558588561,0
"CCDC97",4,0.000111998293378966,0.5
"VIPR1",4,6.61153342942045e-07,0.833333333333333
"ARL11",4,0.00170789288641471,0
"C1QTNF2",4,0.00015677977931879,0.166666666666667
"MEGF6",4,0.00158762306226087,0.166666666666667
"SPCS2",4,4.93616889654182e-05,0.5
"FREM1",4,0.000411556775917538,0
"ERP27",4,0.000964216716005124,0.166666666666667
"GRINA",4,0.000551622972369412,0
"QPCT",4,0.000121384707303236,0.5
"SEPTIN11",4,1.1237807029082e-05,0.666666666666667
"NDRG4",4,0.000138254239717011,0
"GABRP",4,7.00938419618453e-05,0.5
"ARHGAP26",4,0.00325035989300728,0.166666666666667
"FER1L5",4,0.00270226099616931,0
"CRELD1",4,0.000135124849219284,0
"USP22",3,0.0011973301997086,0.333333333333333
"ANXA4",3,7.22765347512911e-06,0.333333333333333
"TENM4",3,6.11018658269149e-05,0
"TNS1",3,0.000205468262804342,0.333333333333333
"TPST2",3,0.000129967575559901,0
"CRHBP",3,4.19106305828262e-05,0.333333333333333
"KIAA1755",3,0.000399397387831293,0.333333333333333
"C11orf71",3,0.00114692748115193,0.333333333333333
"TMTC1",3,7.68857127920481e-05,0.333333333333333
"HACD3",3,0.000103308408447145,0
"ADPRHL2",3,8.50342772581983e-05,0.333333333333333
"PARD6G",3,1.14403498831393e-05,0.333333333333333
"PBXIP1",3,0.00165859686848199,0
"FAM181B",3,0.000379085814369408,0
"SMOX",3,0.000164243140491575,0.333333333333333
"ABI3BP",3,0.00122192456323431,0
"EID1",3,6.58975110837435e-06,0.333333333333333
"DYRK1B",3,0.000119657576770552,0
"SAMD4A",3,6.27151268293806e-05,0
"CCDC170",3,0.000809326399705535,0
"P4HTM",3,9.97236675958763e-05,0
"TSHZ3",3,0.000146370335408778,0
"DCPS",3,2.91518627230376e-05,0
"SLC6A13",3,0.000115125780157823,0
"SLC4A8",3,0.000101640432923101,0
"FAM166B",3,0,1
"PTPRR",3,0,1
"DXO",3,0.00140215327445425,0
"GPR4",3,0.00212902306685403,0
"IQCA1",3,0.00268726815194047,0
"MTSS1",3,9.8001371859053e-05,0
"SLC27A4",3,0.000221044136413997,0
"SIGLEC8",3,0,1
"CHCHD5",3,0.00134408602150538,0.333333333333333
"DMAC1",3,0.000351065170600691,0
"TM6SF2",3,0.000193941096625022,0.333333333333333
"TATDN3",3,0.00107638401341345,0
"C8orf33",3,0.00137242340597523,0
"SLCO4A1",3,9.56593316740388e-05,0
"TOP1MT",3,9.45624457388993e-06,0.333333333333333
"PDZD4",3,0.000124689593485694,0
"MON1B",3,0.00010654852689991,0.333333333333333
"CMIP",3,5.46924979478383e-05,0.333333333333333
"CLK3",3,0,1
"CRYGS",3,0.00100492672616562,0
"CAPN5",3,0.000212805744106209,0.333333333333333
"CCDC74A",3,7.84043360734062e-05,0.333333333333333
"CCDC74B",3,0.000128869519684767,0.333333333333333
"GLIS1",3,0.000156404746697197,0.333333333333333
"SPIN2B",3,4.95054183181911e-05,0.333333333333333
"CPQ",3,1.60921550040529e-05,0.333333333333333
"MID1",3,2.78833904830534e-05,0
"VSIR",3,1.03002438940619e-06,0.666666666666667
"GLB1L",3,0.00314837403285154,0
"SRRM4",3,0.000136293942202972,0.333333333333333
"DOCK6",3,5.40853396497901e-05,0.333333333333333
"TMCC1",3,0,1
"IGSF21",3,0.00137313089005837,0
"MAPK15",3,9.51264242706539e-05,0.333333333333333
"PACS1",3,7.63267097035785e-05,0.333333333333333
"KCTD11",3,9.22572369680405e-05,0.333333333333333
"MAFK",3,8.94405869628398e-06,0.333333333333333
"ERF",3,0.00402683471809445,0.333333333333333
"TRMT1L",3,0.00144741336258878,0
"DDIT4L",3,2.24577757431353e-05,0
"PLPP5",3,5.61293114076838e-05,0.333333333333333
"SLC35D2",3,0.000160243103338035,0
"TCEAL1",3,0.00268636426087019,0.333333333333333
"IQCE",3,0.00143524956548119,0
"HHIPL1",3,7.51909135191907e-05,0
"NAPSA",3,1.38652984434835e-05,0.333333333333333
"CPPED1",3,9.70896109746581e-05,0.333333333333333
"DCHS1",3,0,1
"CHSY3",3,0,1
"DSEL",3,0,1
"SPTSSA",3,0.000253243600380354,0
"CERS6",3,0.00018223651021714,0
"PON2",3,2.33537971902442e-07,0.666666666666667
"TOB1",3,1.95197160208926e-05,0.333333333333333
"FAM228B",3,0.000466865111441433,0
"HAPLN2",3,0,1
"ATPAF2",3,3.26507914551359e-05,0
"FBXO3",3,0.000141753972223402,0
"RASEF",3,0.00138057295896973,0
"KCTD12",3,8.40873110660584e-05,0.333333333333333
"ARMC9",3,5.35409223090154e-05,0.333333333333333
"NEURL1",3,0,1
"MIEF2",3,2.08794189733194e-05,0.666666666666667
"SPATA20",3,0.000369653367030329,0
"SPATA25",3,0.00144126146031847,0
"CSDC2",3,0.000231197286491889,0
"ITPK1",3,0.000619426850460801,0
"PANK1",3,0.000387116296662294,0
"TANC2",3,0.00135941265230703,0
"KLHDC8B",3,0.000102644872882764,0
"KCNMB4",3,0.00134408602150538,0.333333333333333
"ALPK3",3,0.000450011191469709,0
"TSPAN9",3,0.000356011321796722,0.333333333333333
"NRIP2",3,9.0367847716701e-05,0
"MINDY4",3,0.000226581802356197,0
"SCTR",3,0,1
"SHLD1",3,0.00136537285822751,0
"JCAD",3,0.000113320914616321,0
"NLRC3",3,0.0006015239606504,0.333333333333333
"ZDHHC13",3,0.000778350929066099,0
"ARHGAP22",3,0.00137843798801673,0
"ZCCHC17",3,0.000104937253188903,0
"REEP2",3,0.000135825108425979,0
"KCNK17",3,0.00137908916377868,0
"SLC52A3",3,8.04305388266773e-05,0.333333333333333
"MST1",3,0.000208920515773371,0
"ATAT1",3,0.0014295520642215,0.333333333333333
"KRTCAP3",3,0.00012275419069052,0
"MAN2C1",3,0.000354895496713436,0
"SNCAIP",3,5.6501733857881e-05,0
"HNRNPLL",3,4.14168389419956e-05,0
"TBC1D16",3,6.63119157337652e-05,0
"ARID5A",3,2.76878125766914e-05,0
"IGSF10",2,1.8015031373578e-05,0
"BEND6",2,0.00134408602150538,0
"SLCO2A1",2,1.33723380365622e-05,0
"DOCK10",2,0.000154320335071222,0
"YIPF2",2,0,1
"NYNRIN",2,0.000115751174210054,0
"TXLNA",2,5.30204712229843e-05,0
"DUSP15",2,0.00134408602150538,0
"GALNT15",2,0.00156463087831687,0
"HMCN2",2,0.000305205528394808,0
"SH3PXD2B",2,0.000157064814706688,0
"UBTD2",2,5.79740973284523e-05,0
"SAMD5",2,5.64810696265866e-05,0
"SH3D21",2,1.54240250742786e-05,0
"SSUH2",2,3.36696948234619e-05,0
"ZBTB47",2,0,1
"PAPPA2",2,0,1
"RAI14",2,0.0012820575975021,0
"AKR7A2",2,2.80830625662626e-05,0
"UQCC2",2,0.000662725182286634,0
"RCBTB1",2,6.02185687547698e-05,0
"PLEKHH2",2,0,1
"TMEM123",2,0,1
"GMCL1",2,0.000252904410358486,0
"SPIN4",2,4.00150478290307e-05,0
"SLC25A45",2,5.4813429634713e-05,0
"ECRG4",2,0.000210988505075257,0
"MAMDC2",2,6.35667615689207e-05,0
"PJA1",2,7.51554365385706e-06,0
"SPX",2,0.00148992588966044,0
"PBX2",2,2.62820260404424e-05,0
"UACA",2,0,1
"SYTL2",2,0,1
"TMEM30B",2,0.00134408602150538,0
"TDRP",2,0.00134408602150538,0
"ZFP90",2,8.33780404263669e-05,0
"TENM3",2,0,1
"MYADML2",2,1,0
"ZNF517",2,2.97580301627539e-05,0
"PLBD1",2,0.000237114349648731,0
"RAB26",2,4.95426564595714e-05,0
"RAET1E",2,0,1
"ADAMTSL3",2,7.2187979192962e-05,0
"WIPF3",2,0,1
"STON1",2,0,1
"PMP22",2,6.52810217423967e-07,0
"BCAS4",2,1.51213882563506e-05,0
"ZCCHC18",2,0.000148305457500648,0
"ATL1",2,6.33818824771793e-05,0
"SEMA6C",2,8.93333204021794e-06,0
"SLC38A6",2,0,1
"FERMT1",2,0,1
"GPR12",2,0.000800846963841453,0
"GPR176",2,0,1
"FGD1",2,2.23847011460817e-05,0
"TCF24",2,0,1
"TCN2",2,0,1
"PCBD1",2,0.000133585085470484,0
"ZNF19",2,0.00134408602150538,0
"TTLL9",2,9.79244048637586e-05,0
"JMJD4",2,2.45049275729581e-05,0
"WFIKKN2",2,0,1
"ARMC7",2,0.000128476216497731,0
"TSEN34",2,3.13321520328226e-05,0
"ZNF251",2,0,1
"ZFYVE21",2,0.000101680661640254,0
"EFS",2,1.20044121734794e-05,0
"RAB36",2,5.7820660423247e-05,0
"ADAP2",2,1.81639870494461e-05,0
"TMEM126B",2,2.81536834088928e-05,0
"ANKRD29",2,0.000719536246954519,0
"ZNF853",2,0.000280146951429972,0
"RNF112",2,6.61662005306186e-05,0
"VPS41",2,5.00073895295288e-05,0
"TMEM192",2,0.000185735358540138,0
"KIAA0753",2,0.00134408602150538,0
"ARHGEF10L",2,0.00134408602150538,0
"RASL11B",2,1.36117281146351e-05,0
"PRR13",2,0,1
"ZNF536",2,0.000579657497626337,0
"ZNF263",2,0.000858363880736015,0
"PLLP",2,0.000163231546581332,0
"TXNDC17",2,1.84551626606847e-05,0
"LCN6",2,0.00134408602150538,0
"ATP1B2",2,0.00134408602150538,0
"STRIP1",2,4.46051795113134e-05,0
"AGBL2",2,2.54099974898916e-05,0
"SLC1A7",2,9.21427700956776e-06,0
"EXOC3L4",2,3.94589468183846e-05,0
"LAMP5",2,0.00134408602150538,0
"C19orf44",2,0.00134408602150538,0
"SEZ6L",2,1.97484558376871e-05,0
"S100A3",2,0,1
"CNTN3",2,1.26758445734137e-05,0
"IPCEF1",2,0.000261005083397622,0
"MYOZ3",2,2.25116718603443e-05,0
"LRRC34",2,9.00673147302944e-05,0
"CCDC71",2,0.00268636426087019,0
"KCNH4",2,9.14642255362077e-07,0
"KLF9",2,1.07892790585612e-05,0
"ZBTB7C",2,3.50602862983364e-05,0
"TCEAL7",2,0,1
"TCEAL5",2,0,1
"NSG1",2,9.43571068736885e-05,0
"NTM",2,1.60957892203488e-05,0
"ZNF775",2,0,1
"ZBED6CL",2,0,1
"SVEP1",2,3.12719858475449e-05,0
"DHX34",2,1.5528707238357e-05,0
"ZNF618",2,1.6066907125445e-05,0
"PPME1",2,0.000618800042337287,0
"DGLUCY",2,3.22526212689834e-05,0
"CMC1",2,3.78306915252417e-05,0
"INSYN2A",2,4.96324259214963e-06,0
"PTPN23",2,1.14110076459644e-05,0
"NPTX2",2,1.06825470589573e-05,0
"TC2N",2,0.00134408602150538,0
"PI16",2,0,1
"FATE1",2,2.43123156153866e-05,0
"BRINP1",2,0.000270959867321032,0
"SH3GLB2",2,1.53720152399808e-05,0
"COQ8A",2,0,1
"DHRS1",2,0,1
"TRIM45",2,0.00134408602150538,0
"STAC",2,0.00268636426087019,0
"KAZALD1",2,0.00268636426087019,0
"EXTL1",2,1.2973179336352e-05,0
"MEX3A",2,1.83737402070992e-05,0
"FOXRED2",2,2.35587082359988e-05,0
"PHLDA1",2,0,1
"PNMA8A",2,0.00137581159373803,0
"ZNF692",2,6.00129952469015e-05,0
"PLXDC1",2,0,1
"SLC16A12",2,1.25947173504725e-05,0
"CENPX",2,2.5757005664571e-05,0
"ANO7",2,0.00013935092292671,0
"HDHD5",2,0.000274629217036525,0
"DCTD",2,0,1
"C1orf105",2,0.00134408602150538,0
"DUOXA1",2,0,1
"RGL1",2,0.00134408602150538,0
"ZBTB22",2,1.203670231877e-05,0
"RTL10",2,6.61637856316798e-06,0
"TRERF1",2,5.71711259496391e-06,0
"ATP5IF1",2,0,1
"TMEM80",2,0,1
"FBXL8",2,0.00134408602150538,0
"TMEM8B",2,0.00134408602150538,0
"RNF165",2,3.88498071690219e-05,0
"GALNT5",2,0.000110923026948413,0
"KNDC1",2,0,1
"INMT",2,0.000143743878535345,0
"MGAT4B",2,2.51116649397299e-05,0
"FOXO6",2,0,1
"TMEM101",2,2.50194381763948e-05,0
"PLA1A",2,0.000179129542890981,0
"SPNS2",2,0,1
"SOX8",2,0,1
"RNF144B",2,0.00134408602150538,0
"ZDHHC1",2,7.25606574523642e-06,0
"MTMR11",2,0.000114528577027084,0
"CLEC4F",2,0,1
"TBC1D2",2,0,1
"CNPY2",2,0.00013569854390213,0
"QSOX1",2,5.06551735134089e-05,0
"TTLL3",2,0,1
"CALHM2",2,0.000126875526452064,0
"APLF",2,0.000485062970175773,0
"NICN1",2,0.000174307453226902,0
"CYS1",2,1.10528240637015e-05,0
"C11orf49",2,0.000119691315099794,0
"FCHSD1",2,7.62952316426773e-05,0
"ETNK2",2,3.06607071658464e-05,0
"PREX1",2,2.52066592677446e-05,0
"EIF4EBP3",2,0,1
"RBM4B",2,9.74913630301011e-05,0
"FAM111A",2,3.40620535902171e-05,0
"PALM3",2,7.63217800569349e-05,0
"POU6F2",2,5.31061279300971e-05,0
"ENOX1",1,0,0
"ZNF69",1,0,0
"XKR6",1,0,0
"BOD1",1,0,0
"TRO",1,0,0
"RCE1",1,0,0
"FOXS1",1,0,0
"TBX19",1,0,0
"ZBTB9",1,0,0
"C11orf21",1,0,0
"AMZ2",1,0,0
"TMED4",1,0,0
"TMEM200A",1,0,0
"SCUBE2",1,0,0
"GASK1B",1,0,0
"PDRG1",1,0,0
"HYI",1,0,0
"TMEM163",1,0,0
"FMO1",1,0,0
"ARL16",1,0,0
"NET1",1,0,0
"C7orf31",1,0,0
"PRSS35",1,0,0
"SYT17",1,0,0
"ATP8B4",1,0,0
"PLPPR4",1,0,0
"ERICH1",1,0,0
"CAPN6",1,0,0
"RADIL",1,0,0
"LRRN1",1,0,0
"TKFC",1,0,0
"TLCD3A",1,0,0
"LMF1",1,0,0
"C1orf112",1,0,0
"D2HGDH",1,0,0
"ARHGEF28",1,0,0
"CPXM2",1,0,0
"KLHDC8A",1,0,0
"SLC13A3",1,0,0
"LNP1",1,0,0
"PRRT1",1,0,0
"EXOG",1,0,0
"BHLHE22",1,0,0
"ANKMY1",1,0,0
"MKRN2OS",1,0,0
"HACE1",1,0,0
"TNS2",1,0,0
"ARHGAP33",1,0,0
"WFDC3",1,0,0
"CD163L1",1,0,0
"ZBED9",1,0,0
"TMEM200B",1,0,0
"ZNF671",1,0,0
"LRRC75B",1,0,0
"DAP",1,0,0
"IQCD",1,0,0
"FAM102B",1,0,0
"C1orf162",1,0,0
"RFX8",1,0,0
"CPNE2",1,0,0
"C6orf141",1,0,0
"CHODL",1,0,0
"CHCHD6",1,0,0
"ZNF250",1,0,0
"FAM50B",1,0,0
"TMEM143",1,0,0
"TBKBP1",1,0,0
"FAM107A",1,0,0
"CEP126",1,0,0
"ASTE1",1,0,0
"ZDHHC23",1,0,0
"ITPRIPL1",1,0,0
"PABPC4L",1,0,0
"GPR137B",1,0,0
"OSCP1",1,0,0
"SLC16A4",1,0,0
"MEGF8",1,0,0
"CCDC90B",1,0,0
"CCDC191",1,0,0
"BRF2",1,0,0
"SLC39A11",1,0,0
"MFSD1",1,0,0
"TMEM79",1,0,0
"SERTAD4",1,0,0
"FXYD6",1,0,0
"TMEM253",1,0,0
"SPNS3",1,0,0
"INKA1",1,0,0
"VPS13D",1,0,0
"SLC22A17",1,0,0
"CDC42EP3",1,0,0
"CPAMD8",1,0,0
"HAPLN3",1,0,0
"SLC23A2",1,0,0
"SHFL",1,0,0
"BEND5",1,0,0
"FKBP7",1,0,0
"SCRG1",1,0,0
"LRRC42",1,0,0
"SP4",1,0,0
"IGFN1",1,0,0
"TP53TG5",1,0,0
"C2orf76",1,0,0
"RBPMS2",1,0,0
"NXPH4",1,0,0
"CLIP2",1,0,0
"OXER1",1,0,0
"CYP4B1",1,0,0
"SLCO4C1",1,0,0
"GBGT1",1,0,0
"TMEM53",1,0,0
"AIF1L",1,0,0
"NOL4L",1,0,0
"TTC9",1,0,0
"TMEM35A",1,0,0
"KIAA1522",1,0,0
"TRIM41",1,0,0
"FAM102A",1,0,0
"ST6GALNAC4",1,0,0
"ALG10",1,0,0
"C1QTNF4",1,0,0
"ANKRD24",1,0,0
"ANKRD10",1,0,0
"GLYATL2",1,0,0
"NIPAL3",1,0,0
"CA5B",1,0,0
"RGL3",1,0,0
"TMSB15A",1,0,0
"DCLK2",1,0,0
"LHFPL6",1,0,0
"LRRC55",1,0,0
"LRRC29",1,0,0
"CCDC102B",1,0,0
"ANKRD27",1,0,0
"CCDC30",1,0,0
"CCDC115",1,0,0
"FAM155A",1,0,0
"C20orf96",1,0,0
"LCN10",1,0,0
"WRAP73",1,0,0
"RBM43",1,0,0
"FBXO44",1,0,0
"NREP",1,0,0
"SAYSD1",1,0,0
"SPAAR",1,0,0
"KLHL6",1,0,0
"SYDE1",1,0,0
"NUDT16L1",1,0,0
"BPHL",1,0,0
"VIT",1,0,0
"PRR5L",1,0,0
"CMTM8",1,0,0
"ADAMTS19",1,0,0
"RIPOR3",1,0,0
"NBPF1",1,0,0
"SRPK3",1,0,0
"NPIPB6",1,0,0
"EMILIN3",0,0,0
"TMSB15B",0,0,0
"RTL3",0,0,0
"ZXDA",0,0,0
"PLSCR4",0,0,0
"JADE1",0,0,0
"CRISPLD2",0,0,0
"ZNF467",0,0,0
"PAQR3",0,0,0
"SSC5D",0,0,0
"ZFP41",0,0,0
"NRK",0,0,0
"SH3BP1",0,0,0
"ZDHHC14",0,0,0
"SMIM10L2A",0,0,0
"LSMEM2",0,0,0
"VILL",0,0,0
"CCDC159",0,0,0
"ZNF391",0,0,0
"C1orf115",0,0,0
"TTC39B",0,0,0
"SLC6A9",0,0,0
"TMEM198",0,0,0
"TMEM39B",0,0,0
"AFAP1L2",0,0,0
"ZNF213",0,0,0
"SLC24A2",0,0,0
"POU6F1",0,0,0
"MEOX2",0,0,0
"PHETA2",0,0,0
"NEK11",0,0,0
"CRACD",0,0,0
"TMEM9",0,0,0
"PELI3",0,0,0
"IRX6",0,0,0
"C3orf70",0,0,0
"ZC3H12B",0,0,0
"LANCL3",0,0,0
"CA13",0,0,0
"PRELID3A",0,0,0
"PLEKHB1",0,0,0
"DENND6B",0,0,0
"ABCA10",0,0,0
"SDHAF3",0,0,0
"PPM1M",0,0,0
"TMEM204",0,0,0
"VSTM4",0,0,0
"FN3KRP",0,0,0
"PSD2",0,0,0
"OSBPL10",0,0,0
"C1orf167",0,0,0
"CUTA",0,0,0
"SHISA3",0,0,0
"RTL5",0,0,0
"FAM221A",0,0,0
"SFXN2",0,0,0
"ASPRV1",0,0,0
"C16orf58",0,0,0
"ITIH5",0,0,0
"HCN2",0,0,0
"ZNF624",0,0,0
"PHLDB1",0,0,0
"C15orf62",0,0,0
"LEPROT",0,0,0
"OCIAD2",0,0,0
"SMIM27",0,0,0
"DENND3",0,0,0
"SHF",0,0,0
"METTL7A",0,0,0
"FAM98C",0,0,0
"CLEC1A",0,0,0
"TAC4",0,0,0
"TMEM191C",0,0,0
"EFCAB12",0,0,0
"ARHGAP18",0,0,0
"SCGB1D2",0,0,0
"ZNF324",0,0,0
"C1QTNF7",0,0,0
"SCUBE1",0,0,0
"SLFN13",0,0,0
"EEF1AKMT3",0,0,0
"ZNF821",0,0,0
"C2orf73",0,0,0
"CBWD5",0,0,0
"ZNF140",0,0,0
"POGLUT2",0,0,0
"ZNF132",0,0,0
"C7orf50",0,0,0
"SP2",0,0,0
"IP6K3",0,0,0
"TTLL6",0,0,0
"C12orf54",0,0,0
"SBK1",0,0,0
"ANKRD16",0,0,0
"ZNF500",0,0,0
"CES4A",0,0,0
"PKIG",0,0,0
"TMEM74B",0,0,0
"PCDHB10",0,0,0
"MGAT4C",0,0,0
"ADAM18",0,0,0
"MLIP",0,0,0
"CRISPLD1",0,0,0
"EVA1A",0,0,0
"SOX12",0,0,0
"SRARP",0,0,0
"MOB3B",0,0,0
"C11orf45",0,0,0
"STKLD1",0,0,0
"APCDD1L",0,0,0
"TRIM73",0,0,0
"ARMCX6",0,0,0
"ZNF14",0,0,0
"ZNF497",0,0,0
"C11orf68",0,0,0
"SNX7",0,0,0
"C11orf54",0,0,0
"DUSP28",0,0,0
"ZFP82",0,0,0
"ZNF599",0,0,0
"TENT5B",0,0,0
"HHLA3",0,0,0
"WBP1",0,0,0
"URGCP",0,0,0
"KIAA1324L",0,0,0
"FITM1",0,0,0
"NXPH3",0,0,0
"C11orf80",0,0,0
"SLC66A3",0,0,0
"ANKRD7",0,0,0
"NDRG2",0,0,0
"CCER2",0,0,0
"MRUPP_HUMAN",0,0,0
"ZNF652",0,0,0
"LINC00672",0,0,0
"FBXO24",0,0,0
"PAPLN",0,0,0
"C1orf127",0,0,0
"CDPF1",0,0,0
"C3orf80",0,0,0
"ZNF273",0,0,0
"SGSH",0,0,0
"GJD3",0,0,0
"ZNF672",0,0,0
